Item,2024,2023,2022
"CONSOLIDATED STATEMENTS OF
12 Months Ended
OPERATIONS - USD ($)
Sep. 28, 2024
Sep. 30, 2023
Sep. 24, 2022
shares in Thousands, $ in Millions
Net sales
$ 391,035
$ 383,285
$ 394,328
Cost of sales
210,352
214,137
223,546
Gross margin
180,683
169,148
170,782
Operating expenses:","Research and development
31,370
29,915
26,251
Selling, general and administrative
26,097
24,932
25,094
57,467
54,847
51,345
Total operating expenses
Operating income
123,216
114,301
119,437
Other income/(expense), net
269
(565)
(334)
Income before provision for income taxes
123,485
113,736
119,103
Provision for income taxes
29,749
16,741
19,300
Net income
$ 93,736
$ 96,995
$ 99,803
Earnings per share:","Basic (in dollars per share)
$ 6.11
$ 6.16
$ 6.15
Diluted (in dollars per share)
$ 6.08
$ 6.13
$ 6.11
Shares used in computing earnings per share:","Basic (in shares)
15,343,783
15,744,231
16,215,963
Diluted (in shares)
15,408,095
15,812,547
16,325,819
Products"
